{
  "timestamp": "2025-12-26T01:22:19.521155",
  "best_params": {
    "w_xg": 1.0591425317325716,
    "w_elo": 0.6315460240588222,
    "rho": -0.13192091826168642,
    "hfa": 75.40646052210164,
    "impact_offensive": 0.0569218798250062,
    "impact_defensive": 0.2139815950165539
  },
  "train_brier": 0.19572455786484402,
  "test_brier": 0.1793039081819895,
  "n_trials": 150,
  "leagues": [
    "39",
    "61",
    "78",
    "140",
    "135",
    "94",
    "88",
    "203"
  ],
  "total_matches": 1205
}