{
  "best_params": {
    "w_xg": 1.1861663446573514,
    "w_elo": 1.4260714596148742,
    "rho": 0.16599697090570253,
    "hfa": 89.79877262955549
  },
  "train_log_loss": 10000000000.0,
  "test_log_loss": 10000000000.0,
  "baseline_log_loss": 10000000000.0,
  "optimization_date": "2025-12-24T09:39:10.198909",
  "n_trials": 200,
  "train_size": 0,
  "test_size": 1308
}